Workbook

Sheet studetails
A1: Roll NO | B1: Sname | C1: course | D1: total fees | E1: Error | F1: paid fees
A2: 1001 | B2: sreesha | C2: java | D2: =IFERROR(VLOOKUP(C2,coursefees!A:B,2,FALSE),"not found") -> 7000 | E2: =IFERROR(D2,"not found") -> 7000 | F2: =SUMIF(bill!C:C,A2,bill!F:F) -> 1300
A3: 1002 | B3: dhanu | C3: c | D3: =IFERROR(VLOOKUP(C3,coursefees!A:B,2,FALSE),"not found") -> 5000 | E3: =IFERROR(D3,"not found") -> 5000 | F3: =SUMIF(bill!C:C,A3,bill!F:F) -> 200
A4: 1003 | B4: sangee | C4: mern | D4: =IFERROR(VLOOKUP(C4,coursefees!A:B,2,FALSE),"not found") -> not found | E4: =IFERROR(D4,"not found") -> not found | F4: =SUMIF(bill!C:C,A4,bill!F:F) -> 700
A5: 1004 | B5: sruthi | C5: c++ | D5: =IFERROR(VLOOKUP(C5,coursefees!A:B,2,FALSE),"not found") -> 6000 | E5: =IFERROR(D5,"not found") -> 6000 | F5: =SUMIF(bill!C:C,A5,bill!F:F) -> 200
A6: 1005 | B6: sathu | C6: python | D6: =IFERROR(VLOOKUP(C6,coursefees!A:B,2,FALSE),"not found") -> 8000 | E6: =IFERROR(D6,"not found") -> 8000 | F6: =SUMIF(bill!C:C,A6,bill!F:F) -> 700
A7: 1006 | B7: rakshu | C7: mysql | D7: =IFERROR(VLOOKUP(C7,coursefees!A:B,2,FALSE),"not found") -> 13000 | E7: =IFERROR(D7,"not found") -> 13000 | F7: =SUMIF(bill!C:C,A7,bill!F:F) -> 400
A8: 1007 | B8: jannu | C8: data analyst | D8: =IFERROR(VLOOKUP(C8,coursefees!A:B,2,FALSE),"not found") -> 11000 | E8: =IFERROR(D8,"not found") -> 11000 | F8: =SUMIF(bill!C:C,A8,bill!F:F) -> 1300
A9: 1008 | B9: priytha | C9: .net | D9: =IFERROR(VLOOKUP(C9,coursefees!A:B,2,FALSE),"not found") -> 16000 | E9: =IFERROR(D9,"not found") -> 16000 | F9: =SUMIF(bill!C:C,A9,bill!F:F) -> 1000
A10: 1009 | B10: lakshu | C10: js | D10: =IFERROR(VLOOKUP(C10,coursefees!A:B,2,FALSE),"not found") -> not found | E10: =IFERROR(D10,"not found") -> not found | F10: =SUMIF(bill!C:C,A10,bill!F:F) -> 500
A11: 1010 | B11: abi | C11: oracal | D11: =IFERROR(VLOOKUP(C11,coursefees!A:B,2,FALSE),"not found") -> 15000 | E11: =IFERROR(D11,"not found") -> 15000 | F11: =SUMIF(bill!C:C,A11,bill!F:F) -> 3000
A12: 1011 | B12: tharani | C12: data science | D12: =IFERROR(VLOOKUP(C12,coursefees!A:B,2,FALSE),"not found") -> 17000 | E12: =IFERROR(D12,"not found") -> 17000 | F12: =SUMIF(bill!C:C,A12,bill!F:F) -> 2000
A13: 1012 | B13: sujba | C13: php | D13: =IFERROR(VLOOKUP(C13,coursefees!A:B,2,FALSE),"not found") -> 9000 | E13: =IFERROR(D13,"not found") -> 9000 | F13: =SUMIF(bill!C:C,A13,bill!F:F) -> 0
A14: 1013 | B14: mariya | C14: full stack | D14: =IFERROR(VLOOKUP(C14,coursefees!A:B,2,FALSE),"not found") -> 10000 | E14: =IFERROR(D14,"not found") -> 10000 | F14: =SUMIF(bill!C:C,A14,bill!F:F) -> 100

Sheet juice
F3: juice name | G3: apple | H3: pomegrant | I3: lemon | J3: sugar cane | K3: grapes | L3: jack fruit
F4: price | G4: 75 | H4: 60 | I4: 10 | J4: 20 | K4: 80 | L4: 100
F5: benefit | G5: no doctor | H5: hp level increase | I5: heat reduce | J5: colling body | K5: more energy | L5: blood increase
A8: Enter juice name | B8: grapes
A10: price | B10: =HLOOKUP(B8,F3:L4,2,FALSE) -> 80
A11: benefit | B11: =HLOOKUP(B8,F3:L5,3,FALSE) -> more energy

Sheet coursefees
A1: Course | B1: Fees
A2: c | B2: 5000
A3: c++ | B3: 6000
A4: java | B4: 7000
A5: python | B5: 8000
A6: php | B6: 9000
A7: full stack | B7: 10000
A8: data analyst | B8: 11000
A9: desiger | B9: 12200
A10: mysql | B10: 13000
A11: oracal | B11: 15000
A12: .net | B12: 16000
A13: data science | B13: 17000

Sheet bill
A1: bill no | B1: bill date | C1: roll no | D1: sname | E1: course | F1: total | G1: paid fees
A2: b1001 | B2: 45992 | C2: 1001 | D2: =VLOOKUP(C2,studetails!A:B,2,FALSE) -> sreesha | E2: =VLOOKUP(C2,studetails!A:C,3,FALSE) -> java | F2: 500
A3: b1002 | B3: 45993 | C3: 1002 | D3: =VLOOKUP(C3,studetails!A:B,2,FALSE) -> dhanu | E3: =VLOOKUP(C3,studetails!A:C,3,FALSE) -> c | F3: 200
A4: b1003 | B4: 45993 | C4: 1001 | D4: =VLOOKUP(C4,studetails!A:B,2,FALSE) -> sreesha | E4: =VLOOKUP(C4,studetails!A:C,3,FALSE) -> java | F4: 800
A5: b1004 | B5: 45994 | C5: 1003 | D5: =VLOOKUP(C5,studetails!A:B,2,FALSE) -> sangee | E5: =VLOOKUP(C5,studetails!A:C,3,FALSE) -> mern | F5: 700
A6: b1005 | B6: 45995 | C6: 1004 | D6: =VLOOKUP(C6,studetails!A:B,2,FALSE) -> sruthi | E6: =VLOOKUP(C6,studetails!A:C,3,FALSE) -> c++ | F6: 200
A7: b1006 | B7: 45995 | C7: 1005 | D7: =VLOOKUP(C7,studetails!A:B,2,FALSE) -> sathu | E7: =VLOOKUP(C7,studetails!A:C,3,FALSE) -> python | F7: 700
A8: b1007 | B8: 5/12/2025 | C8: 1006 | D8: =VLOOKUP(C8,studetails!A:B,2,FALSE) -> rakshu | E8: =VLOOKUP(C8,studetails!A:C,3,FALSE) -> mysql | F8: 400
A9: b1008 | B9: 45997 | C9: 1007 | D9: =VLOOKUP(C9,studetails!A:B,2,FALSE) -> jannu | E9: =VLOOKUP(C9,studetails!A:C,3,FALSE) -> data analyst | F9: 300
A10: b1009 | B10: 45997 | C10: 1008 | D10: =VLOOKUP(C10,studetails!A:B,2,FALSE) -> priytha | E10: =VLOOKUP(C10,studetails!A:C,3,FALSE) -> .net | F10: 1000
A11: b1010 | B11: 45997 | C11: 1007 | D11: =VLOOKUP(C11,studetails!A:B,2,FALSE) -> jannu | E11: =VLOOKUP(C11,studetails!A:C,3,FALSE) -> data analyst | F11: 1000
A12: b1011 | B12: 45998 | C12: 1009 | D12: =VLOOKUP(C12,studetails!A:B,2,FALSE) -> lakshu | E12: =VLOOKUP(C12,studetails!A:C,3,FALSE) -> js | F12: 500
A13: b1012 | B13: 38694 | C13: 1010 | D13: =VLOOKUP(C13,studetails!A:B,2,FALSE) -> abi | E13: =VLOOKUP(C13,studetails!A:C,3,FALSE) -> oracal | F13: 3000
A14: b1013 | B14: 46000 | C14: 1011 | D14: =VLOOKUP(C14,studetails!A:B,2,FALSE) -> tharani | E14: =VLOOKUP(C14,studetails!A:C,3,FALSE) -> data science | F14: 2000
A15: b1014 | B15: 46000 | C15: 1013 | D15: =VLOOKUP(C15,studetails!A:B,2,FALSE) -> mariya | E15: =VLOOKUP(C15,studetails!A:C,3,FALSE) -> full stack | F15: 100
A16: b1015

Sheet task
A1: eno | B1: ename | C1: basis sal | D1: ma 5% | E1: ta 6% | F1: hra 10% | G1: lop | H1: ot | I1: pf 12% | J1: loan | K1: esi 1% | L1: gross | M1: net sal
A2: 101 | B2: murugan | C2: 30000 | D2: =C2*5/100 -> 1500 | E2: =C2*6/100 -> 1800 | F2: =C2*10/100 -> 3000 | G2: 1000 | H2: 1500 | I2: =C2*12/100 -> 3600 | J2: 2500 | K2: =C2*1/100 -> 300 | L2: =C2+D2+E2+F2+H2-G2-J2-K2 -> 34000 | M2: =L2-I2 -> 30400
A3: 102 | B3: sakthi | C3: 25000 | D3: =C3*5/100 -> 1250 | E3: =C3*6/100 -> 1500 | F3: =C3*10/100 -> 2500 | G3: 3000 | H3: 1500 | I3: =C3*12/100 -> 3000 | J3: 2500 | K3: =C3*1/100 -> 250 | L3: =C3+D3+E3+F3+H3-G3-J3-K3 -> 26000 | M3: =L3-I3 -> 23000
A4: 103 | B4: sreesha | C4: 45000 | D4: =C4*5/100 -> 2250 | E4: =C4*6/100 -> 2700 | F4: =C4*10/100 -> 4500 | G4: 5000 | H4: 1500 | I4: =C4*12/100 -> 5400 | J4: 2500 | K4: =C4*1/100 -> 450 | L4: =C4+D4+E4+F4+H4-G4-J4-K4 -> 48000 | M4: =L4-I4 -> 42600
A5: 104 | B5: dhanu | C5: 30000 | D5: =C5*5/100 -> 1500 | E5: =C5*6/100 -> 1800 | F5: =C5*10/100 -> 3000 | G5: 30000 | H5: 2000 | I5: =C5*12/100 -> 3600 | J5: 2000 | K5: =C5*1/100 -> 300 | L5: =C5+D5+E5+F5+H5-G5-J5-K5 -> 6000 | M5: =L5-I5 -> 2400
I10: gross salary
I11: bs+ma+ta+hra+
